ano,area,liquidado_area,participacao_liquidada,dotacao_inicial,n_dotacoes,n_programas,n_acoes,n_unidades,n_subfuncoes,n_entidades,n_naturezas,hhi_orcamento_acoes,perc_orcamento_pessoal,perc_orcamento_capital,perc_orcamento_transferencias,n_fontes_orcamentarias,n_suplementacoes,taxa_alteracao_orcamento,n_empenhos,n_credores,n_recursos_empenhos,n_liquidacoes,mediana_valor_empenho,perc_empenhos_folha,perc_empenhos_processo,perc_empenhos_ordinarios,prazo_liquidacao_mediano,perc_empenhos_ultimo_trimestre
2024,Comércio e Serviços,590789.03,0.0005352956532605544,900000.0,5,2,2,2,2,2,4,0.5555555555555556,0.0,0.16666666666666666,0.4444444444444444,2,3.0,0.0,1,1,1,13,599995.2,0.0,1.0,1.0,161.0,0.0
2024,Urbanismo,163630450.67,0.14826048646285214,312710000.0,30,3,9,7,4,2,11,0.26310302336348373,0.042531418886508264,0.5865818170189633,0.00620383102555083,17,196.0,0.14947564647756717,1320,277,16,2571,19771.55,0.16742424242424242,0.5931818181818181,0.9606060606060606,39.0,0.20075757575757575
2024,Administração,217258108.09,0.19685084690246987,268220000.0,82,5,25,15,5,1,12,0.24521614562884267,0.28167176198642907,0.22938259637610917,0.005965252404742376,10,157.0,0.009407208075460532,4758,693,9,6357,2016.6950000000002,0.3064312736443884,0.1317780580075662,0.9838167297183691,0.0,0.25388818831441784
2024,Saneamento,8437876.91,0.007645299088696007,51690000.0,8,2,4,3,2,2,2,0.43309372087815656,0.0,0.8659315147997678,0.0,5,38.0,-0.1044689495066744,79,21,5,176,59375.0,0.0,0.6075949367088608,0.9620253164556962,86.5,0.16455696202531644
2024,Gestão Ambiental,24530601.359999996,0.022226418591210877,37360000.0,13,4,6,5,2,3,4,0.6307293123449601,0.07494646680942184,0.10251605995717344,0.0,5,21.0,0.41273367184154186,158,50,4,296,10550.0,0.25949367088607594,0.5253164556962026,0.9430379746835443,52.0,0.2088607594936709
2024,Educação,361499926.89,0.3275438941684905,492120000.0,49,7,16,13,5,1,6,0.16570682774638687,0.48906770706331787,0.1276314719986995,0.02373404860603105,16,174.0,0.016940179285540053,1546,324,13,2879,11053.45,0.31565329883570503,0.4178525226390686,0.9657179818887451,41.0,0.20051746442432083
2024,Direitos da Cidadania,1093898.04,0.0009911471543780019,1700000.0,6,1,2,2,1,1,3,0.7923875432525951,0.5,0.08823529411764706,0.0,1,6.0,0.0,66,10,1,184,5502.085,0.6060606060606061,0.06060606060606061,0.9393939393939394,66.0,0.21212121212121213
2024,Assistência Social,12371517.6,0.011209449159061814,15450000.0,12,3,4,4,3,2,5,0.37809616572930743,0.003236245954692557,0.4071197411003236,0.5760517799352751,7,39.0,0.3675654854368932,117,42,5,182,35496.0,0.0,0.06837606837606838,0.9743589743589743,18.0,0.41025641025641024
2024,Judiciária,4868099.21,0.0044108340108382485,5060000.0,3,1,1,1,1,1,3,1.0,0.9486166007905138,0.039525691699604744,0.0,1,3.0,0.31620553359683795,91,14,1,104,8753.84,0.6483516483516484,0.08791208791208792,1.0,0.0,0.2857142857142857
2024,Agricultura,983363.8300000001,0.0008909955280866517,2780000.0,7,1,1,1,1,1,7,1.0,0.24100719424460432,0.26258992805755393,0.02158273381294964,3,6.0,0.0,53,8,1,67,6867.66,0.7735849056603774,0.11320754716981132,1.0,0.0,0.24528301886792453
2024,Segurança Pública,9494774.59,0.008602921362158268,20090000.0,16,2,5,4,2,1,5,0.2503173251478353,0.06968641114982578,0.5119462419113987,0.007466401194624191,8,55.0,0.06997248382279737,646,214,7,927,4417.91,0.06346749226006192,0.7430340557275542,0.9736842105263158,29.0,0.20278637770897834
2024,Desporto e Lazer,18868357.740000002,0.017096034911797765,32090000.0,7,2,3,3,2,1,4,0.8012853573537575,0.0,0.8357743845434715,0.0012464942349641633,10,38.0,0.591330121533188,141,38,8,346,44896.79,0.0,0.7163120567375887,0.8865248226950354,86.5,0.2624113475177305
2024,Ciência e Tecnologia,616248.56,0.0005583637453391373,2900000.0,5,1,1,1,1,1,5,1.0,0.0,0.5517241379310345,0.9482758620689655,1,2.0,-0.1724137931034483,30,18,1,31,239.37,0.0,0.06666666666666667,1.0,0.0,0.06666666666666667
2024,Saúde,279424635.64,0.25317801326136025,565330000.0,72,2,23,3,6,2,12,0.26233829862886865,0.2677551164806396,0.04168361841756142,0.015990660322289636,17,297.0,0.01729242378787621,5811,482,16,7772,881.89,0.2204439855446567,0.27671657201858546,0.9320254689382206,1.0,0.23300636723455515
2025,Comércio e Serviços,149711.86,0.00012532073133910367,1200000.0,6,2,2,2,2,2,4,0.625,0.0,0.125,0.5833333333333334,2,1.0,0.37869085,2,2,1,3,79136.565,0.0,0.5,1.0,37.0,0.5
2025,Urbanismo,153450788.48000002,0.12845051178227102,283660000.0,33,3,10,8,4,2,11,0.22411207121401283,0.048438271169710216,0.5573926531763379,0.008390326447155044,23,189.0,0.1249529576958331,1030,214,22,817,21744.9,0.22135922330097088,0.5388349514563107,0.9407766990291262,7.0,0.1563106796116505
2025,Administração,228483846.33999997,0.19125914755517823,296300000.0,121,5,38,25,5,1,15,0.2510972029994411,0.3082348970637867,0.22720215997300033,0.005399932500843739,11,292.0,0.10359620172122846,4576,788,8,4318,2259.8999999999996,0.3374125874125874,0.15319055944055945,0.9796765734265734,0.0,0.2097902097902098
2025,Saneamento,9520385.799999999,0.00796931993955868,51340000.0,8,2,4,3,2,2,2,0.4320864637606953,0.0,0.8656018698870277,0.0,5,18.0,0.03193358706661471,63,16,3,41,23398.44,0.0,0.5714285714285714,1.0,0.0,0.1111111111111111
2025,Gestão Ambiental,29562580.16,0.024746230298134542,36650000.0,18,5,8,7,2,4,4,0.5116186633264407,0.07639836289222374,0.07448840381991814,0.0,10,35.0,0.12623860491132324,177,61,5,134,4358.84,0.2655367231638418,0.5480225988700564,0.96045197740113,5.0,0.22598870056497175
2025,Educação,383409612.04,0.3209443325551818,501000000.0,49,7,16,13,5,1,6,0.17519769801713936,0.5005788423153693,0.12353293413173652,0.0362874251497006,18,287.0,0.05464321668662675,1552,316,16,1558,11834.755000000001,0.2712628865979381,0.4954896907216495,0.9658505154639175,12.0,0.20554123711340205
2025,Direitos da Cidadania,1009252.49,0.000844824586058923,1700000.0,6,1,2,2,1,1,3,0.7923875432525951,0.5,0.08823529411764706,0.0,3,13.0,0.06941176470588235,53,8,3,37,10000.0,0.5849056603773585,0.05660377358490566,0.9056603773584906,0.0,0.16981132075471697
2025,Assistência Social,48527202.63999999,0.04062112730872278,47310000.0,25,3,6,4,4,3,7,0.28433742981806076,0.15652082012259563,0.1576833650391038,0.5392094694567745,10,252.0,0.29600667956034676,727,175,8,560,8879.23,0.23796423658872076,0.3081155433287483,0.9188445667125172,4.0,0.3425034387895461
2025,Judiciária,5106172.24,0.004274272188323819,6000000.0,3,1,1,1,1,1,3,1.0,0.9666666666666667,0.023333333333333334,0.0,2,11.0,0.009333333333333334,83,11,2,77,18411.13,0.7710843373493976,0.08433734939759036,1.0,0.0,0.24096385542168675
2025,Agricultura,1482267.58,0.0012407758287542709,3010000.0,14,2,2,2,1,1,7,1.0,0.29900332225913623,0.2425249169435216,0.019933554817275746,4,25.0,0.16310119269102985,45,8,3,43,8655.24,0.7333333333333333,0.08888888888888889,0.9777777777777777,0.0,0.17777777777777778
2025,Segurança Pública,16463211.260000002,0.013781016916718333,20290000.0,17,2,6,5,2,1,5,0.24696144446676468,0.07885657959586002,0.507639231148349,0.005914243469689502,11,202.0,0.4113515569245934,648,206,11,485,5736.565,0.06944444444444445,0.6327160493827161,0.9814814814814815,15.0,0.19598765432098766
2025,Desporto e Lazer,23877328.130000003,0.01998722227935284,35050000.0,15,3,6,4,3,2,5,0.37895950557691166,0.0,0.5135520684736091,0.020542082738944364,10,70.0,0.24146311783166907,607,132,9,562,1882.17,0.05271828665568369,0.2504118616144975,0.9752883031301482,1.0,0.25370675453047775
2025,Ciência e Tecnologia,33366.33,2.7930271373970477e-05,2900000.0,5,1,1,1,1,1,5,1.0,0.0,0.5517241379310345,0.9482758620689655,1,0.0,0.0,28,6,1,24,170.97,0.0,0.03571428571428571,1.0,0.0,0.10714285714285714
2025,Saúde,293553913.34000003,0.24572796775903172,565000000.0,72,2,23,3,6,2,12,0.24433009507400733,0.30451327433628317,0.04170796460176991,0.01688495575221239,20,307.0,0.0616059018230088,6868,517,17,5888,908.575,0.18680838672102504,0.29280722189866043,0.9966511357018055,1.0,0.2367501456027956
