variavel,n,spearman,pearson,supera_03_spearman,spearman_2024,spearman_2025,rho_min_sem_area,rho_max_sem_area
dotacao_inicial,28,0.9299206480377163,0.9698718314813586,True,0.9252747252747253,0.9384615384615385,0.913132748339417,0.9678523137829776
n_dotacoes,28,0.8948609136983371,0.8004152669376944,True,0.8766541089851644,0.9240929684291711,0.8692843214510522,0.931142768719987
n_programas,28,0.7792891493748301,0.7036292261779632,True,0.778641378844224,0.7768114318282779,0.7221889165782543,0.8714313186044652
n_acoes,28,0.9206010827151307,0.804264395152663,True,0.8982498735656078,0.9301240956411507,0.9013192828845717,0.9415025198687446
n_unidades,28,0.8240917074717513,0.6526874733888947,True,0.8244953407894906,0.8195152106786988,0.7909925322857713,0.9121794931481212
n_subfuncoes,28,0.8768332991283556,0.8940375131662148,True,0.8492199833593438,0.903430453758234,0.845847281165177,0.9455604195619937
n_entidades,28,0.21798154285170204,-0.08415146298366025,False,0.1676546279167993,0.25285060421031824,0.14281575027207208,0.3808420007255255
n_naturezas,28,0.5935062244349613,0.6631028012100105,True,0.5311438987835263,0.6290332968452714,0.5160608379096902,0.7137971998132431
hhi_orcamento_acoes,28,-0.8036402106631846,-0.6461211055428464,True,-0.7262763941146183,-0.8675581242767326,-0.8417774030428211,-0.7544004270015966
perc_orcamento_pessoal,28,0.31401869836103435,0.21815289190781145,True,0.3177973955064613,0.3511327866435027,0.17681797513854108,0.48539534743636414
perc_orcamento_capital,28,-0.12729264095894557,-0.28580763011215304,False,-0.1032967032967033,-0.16043956043956045,-0.2688098652414913,0.023255815313513242
perc_orcamento_transferencias,28,-0.09359640215699258,-0.2839763484008613,False,-0.13334156454816562,-0.07556021991062715,-0.20158305708400828,0.13112733891390038
n_fontes_orcamentarias,28,0.9018995891544236,0.7853028936847574,True,0.8726729540740739,0.9093120641267606,0.8814904179368904,0.9106359812782355
n_suplementacoes,28,0.8950034977873894,0.8185456402057317,True,0.8842385745129069,0.9252747252747253,0.8698478996848169,0.9167095443001609
taxa_alteracao_orcamento,28,0.22499336002650802,-0.22127053947786404,False,0.49669358260118285,0.02417582417582418,0.06260692536347919,0.30753469743227335
n_empenhos,28,0.95497469075497,0.747297496282625,True,0.956043956043956,0.956043956043956,0.9437510823519023,0.9635835326332104
n_credores,28,0.9327675744966207,0.7850037471677236,True,0.9252747252747253,0.9460951819631992,0.9185770196772767,0.9486830821471464
n_recursos_empenhos,28,0.896521102761117,0.7620714889453036,True,0.8989245662083177,0.8628508637699187,0.8808022911469318,0.9090632082509807
n_liquidacoes,28,0.9157088122605364,0.7799180535104221,True,0.9252747252747253,0.9472527472527472,0.8967521367521367,0.9343589743589744
mediana_valor_empenho,28,-0.13519430760810072,-0.1677138803628731,False,-0.08131868131868132,-0.14725274725274726,-0.38324786324786325,0.043418803418803414
perc_empenhos_folha,28,0.17692226007963513,-0.003919962268443638,False,0.14610431075889477,0.192054851939124,0.0044712761768593645,0.33787838122258984
perc_empenhos_processo,28,0.2857142857142857,0.026331515950939716,False,0.14725274725274726,0.3538461538461538,0.13914529914529913,0.481025641025641
perc_empenhos_ordinarios,28,-0.44382845525454634,-0.08131256873977384,True,-0.5600345711022956,-0.38002345896227196,-0.6296193654199185,-0.3250273836255461
prazo_liquidacao_mediano,28,0.12472016200436142,-0.16859509495029706,False,-0.04894693448830474,0.30460633492536904,-0.012846525272525656,0.31845252274874525
perc_empenhos_ultimo_trimestre,28,0.22112753147235906,0.009125004893399692,False,0.23956043956043957,0.2043956043956044,0.04820512820512819,0.30871794871794866
