variavel,count,mean,std,min,25%,50%,75%,max,assimetria
participacao_liquidada,28.0,0.07142857142857142,0.10710459156961981,2.7930271373970477e-05,0.0011783686601602036,0.012495233037890074,0.1334030054524163,0.3275438941684905,1.3896314722695768
dotacao_inicial,28.0,130707500.0,192962102.7007731,900000.0,2982500.0,33570000.0,272080000.0,565330000.0,1.3796815575562353
n_dotacoes,28.0,25.25,29.393404400004812,3.0,6.0,13.5,30.75,121.0,1.8740032717201778
n_programas,28.0,2.6785714285714284,1.7224782195810828,1.0,1.75,2.0,3.0,7.0,1.2891596400545677
n_acoes,28.0,8.107142857142858,9.218898808322782,1.0,2.0,4.5,9.25,38.0,1.8218549847372283
n_unidades,28.0,5.142857142857143,5.420907985406447,1.0,2.0,3.0,5.5,25.0,2.310503524738029
n_subfuncoes,28.0,2.7142857142857144,1.6745843676067218,1.0,1.0,2.0,4.0,6.0,0.6926745330277789
n_entidades,28.0,1.6071428571428572,0.7859547491585427,1.0,1.0,1.0,2.0,4.0,1.3435938320250675
n_naturezas,28.0,6.142857142857143,3.524667420237039,2.0,4.0,5.0,7.0,15.0,1.0968616716611888
hhi_orcamento_acoes,28.0,0.5337113354691364,0.3088539383841717,0.16570682774638687,0.2509022335365396,0.4325900923194259,0.7946119967778857,1.0,0.4821567291517645
perc_orcamento_pessoal,28.0,0.2199189271352709,0.2726639448443146,0.0,0.0,0.07762747124404187,0.305443680018159,0.9666666666666667,1.5203606326134496
perc_orcamento_capital,28.0,0.3184616963275844,0.2680377499772126,0.023333333333333334,0.09894586849729185,0.22829237817455475,0.5230950858379655,0.8659315147997678,0.7800754027341715
perc_orcamento_transferencias,28.0,0.15125473906374043,0.2932723048219506,0.0,0.0,0.007928363820889617,0.026872392741948435,0.9482758620689655,1.8803056347286735
n_fontes_orcamentarias,28.0,8.321428571428571,6.463880106541738,1.0,2.75,7.5,11.0,23.0,0.6885521474647114
n_suplementacoes,28.0,97.75,110.76388801811216,0.0,9.75,38.0,190.75,307.0,0.8452414556993783
taxa_alteracao_orcamento,28.0,0.13379889200710965,0.17873376356181583,-0.1724137931034483,0.009388739389928732,0.06969212426433986,0.25509900826383847,0.591330121533188,0.8145222961633788
n_empenhos,28.0,1117.0,1915.2936338075433,1.0,60.5,149.5,1102.5,6868.0,2.070875936178824
n_credores,28.0,166.14285714285714,219.65017882578897,1.0,10.75,46.0,229.75,788.0,1.5729907956572384
n_recursos_empenhos,28.0,7.035714285714286,6.0153023559803245,1.0,1.75,5.0,9.5,22.0,0.8935957321904556
n_liquidacoes,28.0,1301.857142857143,2166.60195996174,3.0,61.0,240.0,1084.75,7772.0,1.9638316395222748
mediana_valor_empenho,28.0,35971.24,112125.14156738085,170.97,3834.105,8816.535,20264.8875,599995.2,5.063304422823991
perc_empenhos_folha,28.0,0.25331218677189515,0.2590212209764393,0.0,0.0,0.22090160442281379,0.3210931209799256,0.7735849056603774,0.8746369071631229
perc_empenhos_processo,28.0,0.3558970090062636,0.26645109757702673,0.03571428571428571,0.08864468864468865,0.30046138261370436,0.5538740920096852,1.0,0.48294717727231545
perc_empenhos_ordinarios,28.0,0.9687018173838525,0.031247738180415877,0.8865248226950354,0.9560984767217335,0.9748236387445612,1.0,1.0,-1.0049537619213271
prazo_liquidacao_mediano,28.0,23.642857142857142,37.75747587070651,0.0,0.0,4.5,37.5,161.0,2.2306310056541867
perc_empenhos_ultimo_trimestre,28.0,0.21715044209411624,0.09610987184335165,0.0,0.1757861635220126,0.20932548464194034,0.24738895278356282,0.5,0.7021466163439773
