ano,area,dotacao_inicial,liquidado_area,liquidado_min,liquidado_max
2024,Cultura,5390000.0,3510956.65,3510956.65,3510956.65
2024,Comércio e Serviços,900000.0,590789.03,590789.03,590789.03
2024,Urbanismo,312710000.0,163630450.67,163630450.67,163630450.67
2024,Administração,268220000.0,217258108.09,217258108.09,217258108.09
2024,Saneamento,51690000.0,8437876.91,8437876.91,8437876.91
2024,Gestão Ambiental,37360000.0,24530601.359999996,24530601.359999996,24530601.359999996
2024,Educação,492120000.0,361499926.89,361499926.89,361499926.89
2024,Direitos da Cidadania,1700000.0,1093898.04,1093898.04,1093898.04
2024,Assistência Social,15450000.0,12371517.6,12371517.6,12371517.6
2024,Judiciária,5060000.0,4868099.21,4868099.21,4868099.21
2024,Agricultura,2780000.0,983363.8300000001,983363.8300000001,983363.8300000001
2024,Segurança Pública,20090000.0,9494774.59,9494774.59,9494774.59
2024,Desporto e Lazer,32090000.0,18868357.740000002,18868357.740000002,18868357.740000002
2024,Ciência e Tecnologia,2900000.0,616248.56,616248.56,616248.56
2024,Saúde,565330000.0,279424635.64,279424635.64,279424635.64
2025,Cultura,6080000.0,,574972.68,5035757.96
2025,Comércio e Serviços,1200000.0,149711.86,149711.86,149711.86
2025,Urbanismo,283660000.0,153450788.48000002,153450788.48000002,153450788.48000002
2025,Administração,296300000.0,228483846.33999997,228483846.33999997,228483846.33999997
2025,Saneamento,51340000.0,9520385.799999999,9520385.799999999,9520385.799999999
2025,Gestão Ambiental,36650000.0,29562580.16,29562580.16,29562580.16
2025,Educação,501000000.0,383409612.04,383409612.04,383409612.04
2025,Direitos da Cidadania,1700000.0,1009252.49,1009252.49,1009252.49
2025,Assistência Social,47310000.0,48527202.63999999,48527202.63999999,48527202.63999999
2025,Judiciária,6000000.0,5106172.24,5106172.24,5106172.24
2025,Agricultura,3010000.0,1482267.58,1482267.58,1482267.58
2025,Segurança Pública,20290000.0,16463211.260000002,16463211.260000002,16463211.260000002
2025,Desporto e Lazer,35050000.0,23877328.130000003,23877328.130000003,23877328.130000003
2025,Ciência e Tecnologia,2900000.0,33366.33,33366.33,33366.33
2025,Saúde,565000000.0,293553913.34000003,293553913.34000003,293553913.34000003
2025,Habitação,700000.0,1145672.42,1145672.42,1145672.42
